Source,Name,Blackbody Temperature (K),Luminosity (erg/s),Inner Radius (lg(cm)),Outer Radius (lg(cm)),Hden (cm-3)
LAMOST,spec-56561-M31023N33B1_sp05-139.fits.gz,38000,37,13,16,7
LAMOST,spec-58573-HD131249N423736B01_sp11-110.fits.gz,40000,21,6,13,19
LAMOST,spec-59112-GACII306N29B1_sp09-229.fits.gz,17000,34,10,16,5
LAMOST,spec-58075-KII033826N150858B01_sp13-195.fits.gz,14000,26,7,16,15
LAMOST,spec-55976-F5597602_sp16-002.fits.gz,13000,31,13,15,7
LAMOST,spec-58846-HD090902N172810M02_sp15-048.fits.gz,35000,22,7,11,7
LAMOST,spec-56599-EG224840N075042B01_sp07-033.fits.gz,21000,25,11,14,7
LAMOST,spec-58131-K2QSOB01_sp08-242.fits.gz,38000,37,13,16,7
LAMOST,spec-57422-GAC095N44M1_sp12-104.fits.gz,14000,28,7,10,9
LAMOST,spec-57004-M31011N40M1_sp13-203.fits.gz,13000,32,13,15,7
LAMOST,spec-58108-KII065746N202759B01_sp07-106.fits.gz,32000,25,8,11,5
LAMOST,spec-56952-M31005N35M1_sp03-014.fits.gz,38000,35,11,14,9
LAMOST,spec-59135-HD220706N375402B01_sp03-109.fits.gz,38000,37,13,16,7
LAMOST,spec-58997-GACII277N17M1_sp02-189.fits.gz,34000,32,13,16,5
LAMOST,spec-55976-F5597612_sp06-206.fits.gz,12000,35,13,15,9
LAMOST,spec-57425-KP084656N120635B01_sp06-155.fits.gz,28000,33,11,12,9
LAMOST,spec-57425-KP084656N120635B01_sp15-248.fits.gz,31000,32,8,9,15
LAMOST,spec-57356-EG015238N022953B01_sp07-162.fits.gz,39000,26,10,12,11
LAMOST,spec-56949-HD213239N421743V01_sp12-155.fits.gz,39000,27,7,8,9
LAMOST,spec-57717-M31007N33B2_sp01-014.fits.gz,39000,27,7,8,9
LAMOST,spec-58136-HD133420N140639M02_sp13-192.fits.gz,25000,32,8,9,15
LAMOST,spec-56308-HD084531N282643F01_sp03-007.fits.gz,33000,30,11,13,13
LAMOST,spec-56957-GAC093N17M1_sp01-058.fits.gz,39000,27,7,8,9
LAMOST,spec-56684-HD125136N030324B01_sp15-005.fits.gz,26000,37,11,13,13
LAMOST,spec-56663-EG023131N032619B04_sp09-016.fits.gz,29000,23,7,9,5
LAMOST,spec-57356-EG231359N193802B01_sp16-147.fits.gz,26000,27,7,9,15
LAMOST,spec-56207-M31011N44B1_sp12-020.fits.gz,27000,23,7,12,7
LAMOST,spec-58099-HD082820N494114M02_sp06-099.fits.gz,31000,23,8,16,13
LAMOST,spec-57281-KP190651N485531B02_sp03-106.fits.gz,35000,22,7,11,7
LAMOST,spec-59263-HD125855N172433M02_sp13-248.fits.gz,17000,33,10,14,13
LAMOST,spec-56597-GAC069N36B1_sp02-158.fits.gz,35000,22,7,11,7
LAMOST,spec-56369-HD090808N144241B01_sp14-062.fits.gz,13000,34,11,15,11
LAMOST,spec-55931-GAC_106N28_M1_sp02-059.fits.gz,19000,27,8,9,5
LAMOST,spec-58130-K2QSOB01_sp08-242.fits.gz,38000,37,13,16,7
LAMOST,spec-55862-B6212_sp01-021.fits.gz,31000,23,8,16,13
LAMOST,spec-59192-HD074946N150623V01_sp04-096.fits.gz,29000,25,6,8,9
LAMOST,spec-57665-HD213922N242940B01_sp11-180.fits.gz,13000,36,13,14,11
LAMOST,spec-56769-HD150715N223351B_sp13-172.fits.gz,29000,20,9,11,9
LAMOST,spec-56679-GAC078N31B1_sp04-128.fits.gz,34000,32,13,16,5
LAMOST,spec-58848-TD104903N100928K01_sp06-113.fits.gz,13000,31,13,15,7
LAMOST,spec-57389-M31019N33M1_sp16-247.fits.gz,22000,23,11,16,5
LAMOST,spec-59251-HD081205N465629M02_sp05-024.fits.gz,35000,30,7,9,15
LAMOST,spec-58017-GACII351N42M1_sp13-212.fits.gz,27000,23,7,12,7
LAMOST,spec-57869-HD125932N280356M02_sp05-203.fits.gz,35000,22,7,11,7
LAMOST,spec-56206-M31016N43B1_sp03-156.fits.gz,27000,33,11,13,9
LAMOST,spec-58783-HD064550S004259B02_sp14-103.fits.gz,18000,28,15,16,13
LAMOST,spec-56619-GAC058N31B1_sp13-060.fits.gz,25000,35,11,15,9
LAMOST,spec-57062-HD101607S013552B01_sp01-163.fits.gz,31000,26,9,11,7
LAMOST,spec-56619-GAC058N31B1_sp02-141.fits.gz,34000,21,8,9,11
LAMOST,spec-56266-GAC117N24V1_sp07-231.fits.gz,32000,25,8,11,5
LAMOST,spec-57695-EG022616N061733M01_sp03-167.fits.gz,24000,38,12,15,9
LAMOST,spec-57378-GAC120N14B2_sp16-175.fits.gz,19000,29,9,10,5
LAMOST,spec-57870-HD173213N461949M02_sp01-141.fits.gz,29000,27,9,12,23
LAMOST,spec-56255-GAC104N26B1_sp04-147.fits.gz,38000,37,13,16,7
LAMOST,spec-57422-GAC095N44M1_sp10-083.fits.gz,28000,31,15,16,5
LAMOST,spec-59377-GACII285N19M1_sp05-175.fits.gz,37000,23,12,14,15
LAMOST,spec-58040-GACII004N36M1_sp01-085.fits.gz,18000,34,14,15,9
LAMOST,spec-57398-GAC056N42B1_sp03-090.fits.gz,38000,37,13,16,7
LAMOST,spec-57869-HD165712N321400M02_sp08-091.fits.gz,28000,22,10,11,17
LAMOST,spec-57319-HD034854N505024V01_sp02-038.fits.gz,34000,32,13,16,5
LAMOST,spec-57313-GAC081N15M1_sp10-008.fits.gz,33000,40,14,15,7
LAMOST,spec-57697-HD214208N454556B01_sp05-202.fits.gz,38000,37,13,16,7
LAMOST,spec-59311-HD100908N183150M03_sp15-062.fits.gz,21000,39,14,16,5
LAMOST,spec-56201-EG012420S065452V01_sp02-086.fits.gz,26000,38,11,13,13
LAMOST,spec-55910-GAC_078N28_B1_sp08-077.fits.gz,29000,40,15,16,11
LAMOST,spec-57369-GAC096N11M1_sp02-147.fits.gz,32000,35,9,11,15
LAMOST,spec-56633-GAC053N32M1_sp15-220.fits.gz,21000,20,10,11,13
LAMOST,spec-56957-GAC093N17M1_sp05-163.fits.gz,33000,21,6,13,23
LAMOST,spec-56979-EG014118N254444B01_sp05-100.fits.gz,38000,37,13,16,7
LAMOST,spec-57401-GAC125N19B2_sp10-099.fits.gz,29000,31,11,14,5
LAMOST,spec-58815-TD104903N100928K01_sp06-113.fits.gz,37000,25,7,10,7
LAMOST,spec-57781-GAC101N48B1_sp11-191.fits.gz,38000,37,13,16,7
LAMOST,spec-58136-HD084620N203659M02_sp16-082.fits.gz,37000,30,9,10,9
LAMOST,spec-56966-GAC120N18B1_sp01-037.fits.gz,26000,40,12,14,13
LAMOST,spec-56626-GAC107N36V2_sp09-224.fits.gz,25000,31,7,8,15
LAMOST,spec-57754-GAC110N45M1_sp10-028.fits.gz,25000,25,6,9,9
LAMOST,spec-55859-M5904_sp12-121.fits.gz,28000,33,15,16,7
LAMOST,spec-56778-HD151331N050239B01_sp12-187.fits.gz,13000,27,6,12,11
LAMOST,spec-56661-GAC061N34B1_sp07-028.fits.gz,38000,37,13,16,7
LAMOST,spec-58130-K2QSOB03_sp08-242.fits.gz,38000,37,13,16,7
LAMOST,spec-57310-M31025N38B1_sp06-250.fits.gz,20000,21,12,15,5
LAMOST,spec-58401-EG013501N290602M01_sp09-116.fits.gz,29000,22,6,7,5
LAMOST,spec-57015-M31007N33B1_sp07-168.fits.gz,34000,29,13,14,7
LAMOST,spec-55910-GAC_078N28_B1_sp15-066.fits.gz,35000,21,7,12,7
LAMOST,spec-55918-M31_025N30_M1_sp03-165.fits.gz,39000,27,7,8,9
LAMOST,spec-57387-GAC059N38B1_sp11-190.fits.gz,27000,29,13,15,7
LAMOST,spec-56581-GAC081N30B1_sp09-001.fits.gz,38000,37,13,16,7
LAMOST,spec-57367-GAC100N13M1_sp10-237.fits.gz,30000,29,9,10,9
LAMOST,spec-58133-HD104953N275826M02_sp12-245.fits.gz,35000,22,7,11,7
LAMOST,spec-57166-HD154844N180829M01_sp09-037.fits.gz,20000,32,10,13,13
LAMOST,spec-56228-EG220318S020919V01_sp07-065.fits.gz,35000,30,11,12,7
LAMOST,spec-56328-GAC046N25B1_sp01-076.fits.gz,38000,37,13,16,7
LAMOST,spec-57401-GAC098N14M2_sp04-155.fits.gz,13000,34,12,16,11
LAMOST,spec-57457-HD125136N030324M01_sp15-005.fits.gz,23000,27,6,7,9
LAMOST,spec-58155-GAC081S00M1_sp02-211.fits.gz,39000,27,7,8,9
LAMOST,spec-56685-HD104953N275826M01_sp12-250.fits.gz,36000,31,12,16,9
LAMOST,spec-58106-K2QSOB01_sp08-242.fits.gz,38000,37,13,16,7
LAMOST,spec-57093-GAC097N28M1_sp02-178.fits.gz,30000,29,9,10,9
LAMOST,spec-58402-HD060953N145109V01_sp13-244.fits.gz,25000,29,7,8,15
LAMOST,spec-58105-HD093959N532949M02_sp08-206.fits.gz,13000,32,12,16,9
LAMOST,spec-58019-GACII034N39M1_sp13-091.fits.gz,19000,32,13,16,9
LAMOST,spec-57695-M31007N41M1_sp12-249.fits.gz,32000,27,10,15,13
LAMOST,spec-59224-TD084656N120635K01_sp15-231.fits.gz,21000,26,6,7,7
LAMOST,spec-57456-GAC110N45M1_sp10-028.fits.gz,16000,21,7,16,21
LAMOST,spec-58074-GAC077S03M1_sp13-014.fits.gz,39000,27,7,8,9
LAMOST,spec-57783-HD112935N034647M01_sp13-199.fits.gz,22000,36,10,12,13
LAMOST,spec-57516-HD184435N434959B01_sp04-145.fits.gz,34000,32,13,16,5
LAMOST,spec-58515-HD084649N380231M02_sp12-161.fits.gz,30000,29,9,10,9
LAMOST,spec-59142-HD202834N081523B01_sp02-150.fits.gz,32000,25,8,11,5
LAMOST,spec-57811-HD102408N334306M02_sp03-212.fits.gz,17000,33,10,13,13
LAMOST,spec-58096-GACII004N36M1_sp01-085.fits.gz,18000,34,14,15,9
LAMOST,spec-55915-F5591506_sp09-215.fits.gz,36000,23,10,11,19
LAMOST,spec-59164-HD075207N031638B02_sp14-019.fits.gz,24000,26,6,8,9
LAMOST,spec-58068-EG021402N263737M01_sp08-212.fits.gz,13000,34,11,15,11
LAMOST,spec-57641-HD014347N555238B01_sp02-128.fits.gz,32000,25,8,11,5
LAMOST,spec-57688-HD002813N442340B01_sp08-156.fits.gz,29000,26,8,12,7
LAMOST,spec-55892-F9204_sp09-184.fits.gz,21000,23,10,13,7
LAMOST,spec-57330-M31019N33M1_sp16-247.fits.gz,35000,31,12,16,9
LAMOST,spec-57821-HD094623N014708B02_sp11-152.fits.gz,31000,23,8,16,13
LAMOST,spec-59226-KII050434N152414B02_sp10-129.fits.gz,38000,37,13,16,7
LAMOST,spec-56751-VB138N06V1_sp11-208.fits.gz,22000,20,11,12,7
LAMOST,spec-56232-M31007N36B2_sp02-147.fits.gz,32000,25,8,11,5
LAMOST,spec-57280-KP192314N471144B02_sp01-006.fits.gz,34000,32,13,16,5
LAMOST,spec-56669-GAC097N37B2_sp07-122.fits.gz,24000,36,10,13,13
LAMOST,spec-58610-GACII282N07M1_sp06-080.fits.gz,22000,28,7,13,11
LAMOST,spec-56255-VB007N33V1_sp16-096.fits.gz,34000,32,13,16,5
LAMOST,spec-58816-GAC099N02M1_sp15-059.fits.gz,24000,28,9,10,5
LAMOST,spec-56369-HD090808N144241M01_sp14-062.fits.gz,16000,34,12,13,9
LAMOST,spec-58435-GAC099N12M1_sp16-138.fits.gz,38000,32,11,14,11
LAMOST,spec-57024-HD110713N101244B_sp10-179.fits.gz,34000,32,13,16,5
LAMOST,spec-59140-GACII308N02M1_sp15-150.fits.gz,30000,31,11,12,11
LAMOST,spec-56679-EG023131N032619B05_sp09-016.fits.gz,36000,21,11,16,15
LAMOST,spec-56246-GAC098N33M1_sp01-049.fits.gz,23000,27,6,7,9
LAMOST,spec-56993-EG013501N290602B01_sp09-116.fits.gz,32000,27,8,11,13
LAMOST,spec-57030-M31028N29B2_sp13-006.fits.gz,22000,32,10,11,7
LAMOST,spec-56570-VB021N31V1_sp13-089.fits.gz,16000,34,12,13,9
LAMOST,spec-57869-HD165712N321400M02_sp09-243.fits.gz,31000,33,11,16,9
LAMOST,spec-57690-GAC058N31B1_sp13-060.fits.gz,18000,26,6,9,9
LAMOST,spec-57393-M31025N38B2_sp08-154.fits.gz,32000,25,8,11,5
LAMOST,spec-55953-GAC_089N28_M2_sp15-068.fits.gz,22000,28,7,13,11
LAMOST,spec-57871-HD104915N103242M02_sp06-241.fits.gz,35000,31,12,16,9
LAMOST,spec-59203-HD121209N203231M02_sp13-250.fits.gz,32000,29,11,16,13
LAMOST,spec-58485-GACII025N58M1_sp10-229.fits.gz,39000,27,7,8,9
LAMOST,spec-58103-GAC108N20M1_sp04-032.fits.gz,21000,30,8,9,9
LAMOST,spec-58963-HD183447N105331B01_sp05-167.fits.gz,24000,26,6,8,9
LAMOST,spec-57014-M31020N36M2_sp12-087.fits.gz,32000,35,10,12,9
LAMOST,spec-56629-HD090800N293915M01_sp06-213.fits.gz,13000,27,10,13,9
LAMOST,spec-56326-HD090902N172810B01_sp15-047.fits.gz,34000,30,7,9,15
LAMOST,spec-56590-HD011332N441019B01_sp10-176.fits.gz,24000,26,6,8,9
LAMOST,spec-58844-HD090808N144241M02_sp11-123.fits.gz,35000,28,6,7,15
LAMOST,spec-58844-TD104903N100928K01_sp06-113.fits.gz,27000,29,13,15,7
LAMOST,spec-57541-HD173133N504043M01_sp12-204.fits.gz,40000,37,15,16,13
LAMOST,spec-58136-GAC071N47M1_sp12-182.fits.gz,24000,32,9,12,13
LAMOST,spec-57425-GAC089N16M1_sp15-058.fits.gz,14000,26,7,16,15
LAMOST,spec-55918-GAC_082N29_M1_sp07-186.fits.gz,34000,30,7,8,15
LAMOST,spec-57378-HD032738N493559V01_sp06-062.fits.gz,38000,37,13,16,7
LAMOST,spec-58937-HD150616N543322M02_sp03-145.fits.gz,28000,36,12,14,7
LAMOST,spec-58993-HD152628N520309M02_sp06-181.fits.gz,25000,32,8,9,15
LAMOST,spec-56973-HD224534N302633B01_sp04-033.fits.gz,38000,37,13,16,7
LAMOST,spec-55951-GAC_080N28_M1_sp09-221.fits.gz,25000,24,11,14,7
LAMOST,spec-57369-HD094138N255446M01_sp11-014.fits.gz,34000,30,7,9,15
LAMOST,spec-57719-HD091735N272519M02_sp15-206.fits.gz,33000,35,9,12,15
LAMOST,spec-57869-HD153553N111556M01_sp02-040.fits.gz,28000,33,15,16,7
LAMOST,spec-58136-HD084620N203659M02_sp14-236.fits.gz,21000,31,10,14,5
LAMOST,spec-57054-HD045554N450205V01_sp12-248.fits.gz,32000,25,8,11,5
LAMOST,spec-56393-HD172143N395828M01_sp04-097.fits.gz,13000,34,12,13,11
LAMOST,spec-56609-GAC093N22M1_sp05-121.fits.gz,24000,26,6,8,9
LAMOST,spec-57016-HD084531N282643M01_sp03-007.fits.gz,35000,30,11,12,15
LAMOST,spec-58849-TD084656N120635K01_sp15-231.fits.gz,29000,24,6,7,7
LAMOST,spec-57720-HD095839N105737V01_sp14-129.fits.gz,38000,37,13,16,7
LAMOST,spec-56957-M31011N44M1_sp02-174.fits.gz,22000,38,11,13,13
LAMOST,spec-56423-HD155304N411742M01_sp13-026.fits.gz,13000,37,13,16,11
LAMOST,spec-58844-TD084656N120635K01_sp15-231.fits.gz,28000,32,15,16,7
LAMOST,spec-56604-GAC106N20B1_sp16-031.fits.gz,34000,32,13,16,5
LAMOST,spec-57665-HD204132N355439B01_sp01-146.fits.gz,38000,37,13,16,7
LAMOST,spec-57750-GAC081N11M1_sp07-214.fits.gz,34000,31,12,14,9
LAMOST,spec-57137-HD162301N323735M01_sp09-046.fits.gz,35000,35,14,16,13
LAMOST,spec-58840-HD075207N031638B01_sp15-034.fits.gz,17000,20,11,13,13
LAMOST,spec-58516-HD122805N202115M02_sp14-112.fits.gz,34000,30,7,9,15
LAMOST,spec-57724-GAC061N50M1_sp15-114.fits.gz,38000,37,13,16,7
LAMOST,spec-58903-HD130439N535127M02_sp04-250.fits.gz,34000,32,13,16,5
LAMOST,spec-57015-HD094135N311640M01_sp07-229.fits.gz,24000,29,7,10,15
LAMOST,spec-58404-GACII032N37M1_sp04-149.fits.gz,35000,22,7,11,7
LAMOST,spec-56572-HD022809N294009V01_sp02-053.fits.gz,27000,23,7,12,7
LAMOST,spec-57356-EG231359N193802V01_sp07-148.fits.gz,33000,21,6,13,23
LAMOST,spec-56601-EG003603N070921M01_sp13-243.fits.gz,35000,30,11,12,15
LAMOST,spec-57302-EG213118N034906B01_sp12-025.fits.gz,21000,36,11,16,13
LAMOST,spec-57414-GAC115N15B1_sp06-083.fits.gz,19000,25,14,16,5
LAMOST,spec-58105-GACII048N59M1_sp12-079.fits.gz,23000,35,12,16,7
LAMOST,spec-57755-HD105033N320139M02_sp07-153.fits.gz,25000,30,9,13,7
LAMOST,spec-57330-M31019N33M1_sp01-185.fits.gz,28000,31,15,16,5
LAMOST,spec-58072-EG224702N171358M01_sp03-168.fits.gz,33000,25,9,16,5
LAMOST,spec-57912-HD170353N344724V01_sp07-136.fits.gz,32000,25,8,11,5
LAMOST,spec-57039-GAC105N24M1_sp11-104.fits.gz,30000,29,9,10,9
LAMOST,spec-56220-EG223221N023509B01_sp07-190.fits.gz,32000,35,9,12,15
LAMOST,spec-57815-GAC094N47B1_sp03-222.fits.gz,24000,36,10,13,13
LAMOST,spec-57362-EG043159S042253M01_sp06-029.fits.gz,38000,20,10,12,5
LAMOST,spec-55907-B90706_sp16-016.fits.gz,40000,22,11,14,5
LAMOST,spec-58403-S82352S01M1_sp03-036.fits.gz,38000,20,10,11,5
LAMOST,spec-56958-M31017N47B1_sp11-077.fits.gz,38000,37,13,16,7
LAMOST,spec-58930-TD084656N120635K01_sp15-231.fits.gz,15000,38,13,16,7
LAMOST,spec-57421-HD095348N144420M01_sp10-034.fits.gz,33000,35,14,16,13
LAMOST,spec-59199-GACII038N37M2_sp14-188.fits.gz,24000,38,12,15,9
LAMOST,spec-56679-GAC078N31B1_sp08-211.fits.gz,39000,27,7,8,9
LAMOST,spec-56358-GAC089N28B1_sp10-010.fits.gz,35000,22,7,11,7
LAMOST,spec-56986-GAC089N16B1_sp08-088.fits.gz,33000,34,13,14,9
LAMOST,spec-57721-HD085527N262435M02_sp12-134.fits.gz,40000,22,11,12,5
LAMOST,spec-58224-HD134345N224201M02_sp01-090.fits.gz,30000,20,6,8,5
LAMOST,spec-58129-K2QSOB01_sp08-242.fits.gz,38000,37,13,16,7
LAMOST,spec-58105-GACII048N59M1_sp06-163.fits.gz,15000,27,9,14,11
LAMOST,spec-58847-HD100510N522216M02_sp13-178.fits.gz,13000,31,13,15,7
LAMOST,spec-56267-EG011927N271550M01_sp14-105.fits.gz,13000,31,13,15,7
LAMOST,spec-57388-GAC066N34B2_sp11-066.fits.gz,31000,27,14,16,7
LAMOST,spec-56255-VB007N33V2_sp16-096.fits.gz,34000,32,13,16,5
LAMOST,spec-58906-TD084656N120635K01_sp15-231.fits.gz,29000,30,9,10,7
LAMOST,spec-58154-GAC092N13B1_sp12-035.fits.gz,26000,40,12,14,13
LAMOST,spec-57046-GAC075N39M1_sp04-168.fits.gz,34000,32,13,16,5
LAMOST,spec-58518-HD090744N104005M01_sp07-154.fits.gz,13000,34,12,16,11
LAMOST,spec-58096-GACII004N36M1_sp07-039.fits.gz,29000,34,11,13,7
LAMOST,spec-57046-GAC075N39M1_sp05-020.fits.gz,35000,21,7,12,7
LAMOST,spec-57137-HD162301N323735M01_sp11-079.fits.gz,25000,24,13,14,7
LAMOST,spec-57491-HD093959N532949B02_sp07-111.fits.gz,21000,20,10,11,13
LAMOST,spec-57031-HD064137N355554V01_sp01-198.fits.gz,38000,37,13,16,7
LAMOST,spec-56751-VB138N06V2_sp11-208.fits.gz,36000,22,8,15,11
LAMOST,spec-57392-GAC092N13M1_sp12-059.fits.gz,31000,25,8,16,23
LAMOST,spec-56692-GAC109N30B1_sp16-178.fits.gz,34000,32,13,16,5
LAMOST,spec-58105-GACII018N60B1_sp05-067.fits.gz,21000,20,10,11,13
LAMOST,spec-58464-HD002045N325440B02_sp11-105.fits.gz,38000,37,13,16,7
LAMOST,spec-57755-HD093318N282204M02_sp06-079.fits.gz,19000,32,13,16,9
LAMOST,spec-56596-EG023131N032619B02_sp09-016.fits.gz,32000,25,8,11,5
LAMOST,spec-55899-GAC_083N28_M1_sp01-221.fits.gz,36000,40,12,14,13
LAMOST,spec-55915-F5591504_sp14-130.fits.gz,29000,34,9,12,15
LAMOST,spec-56685-HD104953N275826M01_sp13-092.fits.gz,21000,27,13,15,5
LAMOST,spec-57298-KP192314N471144V02_sp07-188.fits.gz,38000,37,13,16,7
LAMOST,spec-57045-GAC106N28M1_sp02-070.fits.gz,27000,23,7,12,7
LAMOST,spec-57423-GAC096N11B1_sp07-028.fits.gz,33000,40,14,15,7
LAMOST,spec-58929-HD092329N074249M02_sp04-054.fits.gz,31000,25,8,16,23
LAMOST,spec-57753-HD124411S025033M01_sp10-172.fits.gz,13000,34,10,14,9
LAMOST,spec-58838-TD084656N120635K01_sp15-231.fits.gz,15000,40,15,16,13
LAMOST,spec-57396-GAC114N32M1_sp06-184.fits.gz,35000,21,7,12,7
LAMOST,spec-57695-GAC077S03M1_sp13-014.fits.gz,30000,27,9,15,23
LAMOST,spec-56976-M31028N29B1_sp13-006.fits.gz,16000,33,13,16,21
LAMOST,spec-57721-GAC056N42M1_sp01-208.fits.gz,34000,32,13,16,5
LAMOST,spec-57313-M31005N38M1_sp06-191.fits.gz,27000,21,9,12,9
LAMOST,spec-57068-HD100153N235852M01_sp08-061.fits.gz,28000,33,11,12,9
LAMOST,spec-57435-HD121209N203231M01_sp13-206.fits.gz,40000,24,12,13,5
LAMOST,spec-56443-HD182107N494331M01_sp03-169.fits.gz,22000,23,11,16,13
LAMOST,spec-57035-GAC054N40M1_sp08-098.fits.gz,40000,37,14,16,5
LAMOST,spec-55939-GAC_100N28_B1_sp08-076.fits.gz,33000,21,6,13,23
LAMOST,spec-57697-GAC052N20B1_sp09-010.fits.gz,38000,37,13,16,7
LAMOST,spec-57688-HD002813N442340V01_sp02-069.fits.gz,38000,37,13,16,7
LAMOST,spec-57724-GAC061N50M1_sp01-102.fits.gz,28000,31,14,16,7
LAMOST,spec-59253-HD115014N541509M02_sp03-238.fits.gz,23000,26,6,8,11
LAMOST,spec-58046-GACII080N64M1_sp04-034.fits.gz,13000,36,13,15,11
LAMOST,spec-55923-GAC_105N29_M1_sp14-224.fits.gz,34000,29,13,14,7
LAMOST,spec-55909-M31_019N31_B1_sp07-171.fits.gz,34000,32,13,16,5
LAMOST,spec-59202-HD101111N061004B01_sp09-220.fits.gz,13000,34,12,16,11
LAMOST,spec-58095-GACII083N68B1_sp13-060.fits.gz,13000,35,10,11,7
LAMOST,spec-56656-GAC061N32M1_sp06-230.fits.gz,16000,34,12,13,9
LAMOST,spec-55909-M31_019N31_B1_sp13-089.fits.gz,32000,35,9,11,15
LAMOST,spec-58019-HD205516N434725B01_sp03-144.fits.gz,15000,40,15,16,13
LAMOST,spec-58103-GACII017N56M1_sp11-201.fits.gz,26000,23,11,16,5
LAMOST,spec-56346-HD122712N362227B01_sp12-166.fits.gz,17000,20,11,13,13
LAMOST,spec-56667-GAC066N34B1_sp11-066.fits.gz,18000,28,15,16,13
LAMOST,spec-57897-HD171048N321044M02_sp04-229.fits.gz,21000,36,11,16,13
LAMOST,spec-57076-HD083415N451147M01_sp14-247.fits.gz,21000,25,11,14,7
LAMOST,spec-57691-EG024221N200041M01_sp04-181.fits.gz,31000,21,7,11,13
LAMOST,spec-56200-EG220318S020919V_1_sp07-056.fits.gz,14000,34,11,12,13
LAMOST,spec-56800-HD150818N334223M01_sp03-093.fits.gz,40000,39,14,15,11
LAMOST,spec-56978-EG021841N081050M01_sp07-242.fits.gz,37000,28,9,16,9
LAMOST,spec-58492-HD100153N235852M02_sp08-061.fits.gz,13000,31,13,15,7
LAMOST,spec-57046-HD082820N494114M01_sp06-099.fits.gz,15000,20,7,15,17
LAMOST,spec-57312-M31007N36M2_sp09-067.fits.gz,35000,31,12,13,9
LAMOST,spec-58837-TD104903N100928K01_sp06-113.fits.gz,31000,25,8,16,23
LAMOST,spec-58867-TD084656N120635K01_sp15-231.fits.gz,40000,22,11,12,5
LAMOST,spec-56394-HD132901N475049M01_sp13-119.fits.gz,26000,32,8,11,15
LAMOST,spec-56632-GAC107N36M1_sp16-061.fits.gz,40000,22,11,12,5
LAMOST,spec-57137-HD123847N391831B01_sp02-066.fits.gz,24000,26,6,8,9
LAMOST,spec-57092-HD084649N380231M01_sp12-161.fits.gz,40000,22,11,14,5
LAMOST,spec-57392-GAC092N13M1_sp15-034.fits.gz,15000,21,7,13,21
LAMOST,spec-57419-HD092731N424551B01_sp15-018.fits.gz,34000,32,13,16,5
LAMOST,spec-55951-GAC_080N28_M1_sp15-066.fits.gz,30000,25,8,14,7
LAMOST,spec-57747-HD110955N323152M02_sp16-116.fits.gz,35000,31,12,16,9
LAMOST,spec-56957-GAC093N17M1_sp01-015.fits.gz,35000,31,12,13,9
LAMOST,spec-57453-HD091212N035201M01_sp16-180.fits.gz,18000,21,8,10,21
LAMOST,spec-57790-HD104915N103242B02_sp07-149.fits.gz,32000,29,11,16,13
LAMOST,spec-57304-M31015N35M1_sp06-041.fits.gz,38000,37,13,16,7
LAMOST,spec-56245-GAC102N32M1_sp05-087.fits.gz,40000,20,10,12,5
LAMOST,spec-59166-GACII038N42M1_sp01-144.fits.gz,40000,20,10,14,5
LAMOST,spec-58784-GACII000N48M1_sp16-088.fits.gz,13000,34,12,16,11
LAMOST,spec-58899-TD084656N120635K01_sp15-231.fits.gz,28000,36,14,16,5
LAMOST,spec-59195-HD114640S034432V01_sp05-170.fits.gz,32000,25,8,11,5
LAMOST,spec-57428-GAC105N15M1_sp15-102.fits.gz,30000,21,6,9,7
LAMOST,spec-58902-HD092329N074249B02_sp16-211.fits.gz,32000,25,8,11,5
LAMOST,spec-57888-HD154717N140655B01_sp04-022.fits.gz,30000,35,13,16,5
LAMOST,spec-58102-EG014125N052915B01_sp16-075.fits.gz,25000,38,11,16,13
LAMOST,spec-59145-GACII356N57M1_sp03-166.fits.gz,32000,35,13,14,7
LAMOST,spec-58461-GAC080N28M1_sp15-066.fits.gz,27000,21,9,12,9
LAMOST,spec-56220-EG223221N023509M01_sp07-190.fits.gz,38000,28,13,14,19
LAMOST,spec-56443-HD182107N494331B01_sp03-169.fits.gz,39000,40,11,13,13
LAMOST,spec-58906-TD104903N100928K01_sp06-113.fits.gz,16000,33,13,15,9
LAMOST,spec-57871-HD152645N051412B01_sp16-216.fits.gz,19000,30,6,7,17
LAMOST,spec-56287-VB053N42V2_sp15-004.fits.gz,19000,32,13,16,9
LAMOST,spec-57487-HD103613N134846M01_sp12-097.fits.gz,16000,26,8,10,7
LAMOST,spec-56937-GAC073N19B1_sp08-080.fits.gz,34000,30,7,9,15
LAMOST,spec-56346-HD130439N535127B01_sp04-250.fits.gz,12000,30,8,12,9
LAMOST,spec-57721-M31025N38M1_sp14-179.fits.gz,13000,35,10,11,7
LAMOST,spec-56344-HD132759N524444B01_sp06-239.fits.gz,38000,37,13,16,7
LAMOST,spec-57302-EG213118N034906V01_sp08-231.fits.gz,32000,25,8,11,5
LAMOST,spec-58068-HD073149N010954B01_sp14-109.fits.gz,29000,31,11,15,7
LAMOST,spec-57012-GAC100N17M1_sp06-182.fits.gz,38000,21,6,14,19
LAMOST,spec-57754-GAC110N45M1_sp04-160.fits.gz,21000,27,13,15,5
LAMOST,spec-57302-EG213118N034906V01_sp16-097.fits.gz,13000,34,10,11,9
LAMOST,spec-58813-TD084656N120635K01_sp15-231.fits.gz,38000,21,8,12,11
LAMOST,spec-59169-GAC108N24M1_sp09-228.fits.gz,18000,29,7,12,15
LAMOST,spec-55859-M5904_sp09-133.fits.gz,19000,31,10,13,13
LAMOST,spec-56018-B5601805_sp03-139.fits.gz,34000,31,12,13,9
LAMOST,spec-57307-GAC083N27M1_sp01-037.fits.gz,15000,27,10,12,21
LAMOST,spec-58967-TD104903N100928K01_sp06-113.fits.gz,39000,27,7,8,9
LAMOST,spec-55859-F5909_sp12-121.fits.gz,37000,22,8,9,11
LAMOST,spec-57476-HD103517N212243B01_sp14-058.fits.gz,30000,29,9,10,9
LAMOST,spec-57394-HD081205N465629M01_sp07-194.fits.gz,25000,23,11,12,5
LAMOST,spec-57369-GAC096N11M1_sp06-020.fits.gz,40000,37,14,16,5
LAMOST,spec-57754-HD090143N355133M01_sp11-197.fits.gz,21000,37,13,16,5
LAMOST,spec-58464-GACII033N58M1_sp05-092.fits.gz,30000,20,9,10,9
LAMOST,spec-58605-GACII274N07M1_sp07-046.fits.gz,38000,37,13,16,7
LAMOST,spec-58253-HD163334N102208B01_sp09-117.fits.gz,32000,25,8,11,5
LAMOST,spec-58425-KII065746N202759B02_sp07-106.fits.gz,38000,37,13,16,7
LAMOST,spec-56561-M31023N33B2_sp05-139.fits.gz,38000,37,13,16,7
LAMOST,spec-57687-EG231746N163252M01_sp03-215.fits.gz,15000,28,6,7,13
LAMOST,spec-56632-GAC107N36M1_sp08-209.fits.gz,25000,32,8,11,15
LAMOST,spec-55910-GAC_078N28_B1_sp12-121.fits.gz,25000,35,11,15,9
LAMOST,spec-55949-GAC_089N28_F1_sp01-221.fits.gz,39000,27,7,8,9
LAMOST,spec-55886-GAC_063022N281243_M1_sp02-178.fits.gz,39000,20,10,15,5
LAMOST,spec-58072-EG224702N171358M01_sp04-137.fits.gz,34000,30,10,15,15
LAMOST,spec-58492-GACII055N63M1_sp02-115.fits.gz,33000,40,14,15,7
LAMOST,spec-59226-HD115014N541509B02_sp03-238.fits.gz,32000,27,8,11,13
LAMOST,spec-58490-HD084649N380231M02_sp12-161.fits.gz,29000,31,11,15,7
LAMOST,spec-57072-HD100510N522216M01_sp13-003.fits.gz,21000,39,14,16,5
LAMOST,spec-57299-EG225624N130316B01_sp07-172.fits.gz,13000,21,13,14,5
LAMOST,spec-57017-HD102408N334306M01_sp03-212.fits.gz,28000,26,12,14,17
LAMOST,spec-57746-HD092127N325407M02_sp04-075.fits.gz,28000,33,11,12,9
LAMOST,spec-56628-EG023131N032619B03_sp09-016.fits.gz,38000,37,13,16,7
LAMOST,spec-56396-HD125932N280356F01_sp05-203.fits.gz,32000,25,9,16,13
LAMOST,spec-57497-HD175440N181108V01_sp06-027.fits.gz,35000,22,7,11,7
LAMOST,spec-58930-TD104903N100928K01_sp06-113.fits.gz,30000,30,9,13,9
LAMOST,spec-57369-GAC096N11M1_sp06-013.fits.gz,22000,30,8,11,13
LAMOST,spec-58047-GACII320N38M1_sp10-181.fits.gz,34000,32,13,16,5
LAMOST,spec-57486-HD143813N181754M01_sp14-083.fits.gz,12000,26,6,10,9
LAMOST,spec-56914-KP193637N444141V01_sp15-160.fits.gz,14000,26,6,11,9
LAMOST,spec-56628-HD085527N262435M01_sp12-134.fits.gz,21000,23,10,13,7
LAMOST,spec-57406-KP063626N271642V01_sp02-003.fits.gz,40000,29,13,14,7
LAMOST,spec-56220-EG223221N023509F01_sp07-190.fits.gz,34000,34,13,15,11
LAMOST,spec-56266-GAC117N24V2_sp07-231.fits.gz,32000,25,8,11,5
LAMOST,spec-58136-GAC071N47M1_sp15-035.fits.gz,38000,37,13,16,7
LAMOST,spec-57035-GAC054N40B1_sp11-068.fits.gz,30000,29,9,10,9
LAMOST,spec-57745-HD091915N465637M01_sp13-039.fits.gz,18000,29,7,12,15
LAMOST,spec-57397-GAC070N40M1_sp12-174.fits.gz,26000,37,13,15,7
LAMOST,spec-58074-GAC106N34M1_sp10-187.fits.gz,38000,37,13,16,7
LAMOST,spec-57717-HD084531N282643M02_sp03-007.fits.gz,33000,40,14,15,7
LAMOST,spec-58869-TD104903N100928K01_sp06-113.fits.gz,36000,26,9,11,7
LAMOST,spec-56249-GAC079N24M1_sp09-071.fits.gz,25000,23,13,14,5
LAMOST,spec-56302-GAC085N31B1_sp10-040.fits.gz,30000,31,11,16,11
LAMOST,spec-56362-GAC113N27M1_sp07-133.fits.gz,19000,37,11,12,7
LAMOST,spec-58071-GACII036N32M1_sp04-044.fits.gz,35000,22,7,11,7
LAMOST,spec-57749-HD091915N465637M01_sp13-039.fits.gz,21000,39,14,16,5
LAMOST,spec-58081-GAC081N11M1_sp07-214.fits.gz,40000,37,14,16,5
LAMOST,spec-56266-M31007N41B1_sp11-206.fits.gz,24000,26,6,8,9
LAMOST,spec-56581-GAC081N30M1_sp05-082.fits.gz,21000,36,11,16,13
LAMOST,spec-56232-M31007N36B1_sp02-147.fits.gz,32000,25,8,11,5
LAMOST,spec-57641-HD193711N282959V01_sp11-118.fits.gz,28000,32,10,11,7
LAMOST,spec-57397-HD094225N484633M01_sp02-192.fits.gz,14000,26,6,12,9
LAMOST,spec-59169-S82004N00B1_sp16-009.fits.gz,31000,27,14,16,7
LAMOST,spec-57422-GAC073N15B2_sp04-192.fits.gz,38000,37,13,16,7
LAMOST,spec-56985-M31000N42B1_sp04-058.fits.gz,28000,31,14,16,7
LAMOST,spec-57690-GAC058N31B1_sp02-141.fits.gz,18000,30,14,15,5
LAMOST,spec-58137-HD022353N335128B01_sp05-229.fits.gz,33000,24,7,12,13
LAMOST,spec-56396-HD165712N321400M01_sp09-243.fits.gz,37000,22,8,9,11
LAMOST,spec-58074-GACII016N43B1_sp03-078.fits.gz,32000,25,8,11,5
LAMOST,spec-56301-HD081044N520834M01_sp06-213.fits.gz,37000,28,9,16,9
LAMOST,spec-57356-EG031039N215333V01_sp16-156.fits.gz,38000,37,13,16,7
LAMOST,spec-56301-HD081044N520834M01_sp05-237.fits.gz,39000,20,10,12,5
LAMOST,spec-55887-B8704_sp08-017.fits.gz,19000,25,14,16,5
LAMOST,spec-57378-GAC120N14B1_sp16-175.fits.gz,36000,35,9,11,15
LAMOST,spec-58070-GACII112N68B1_sp05-115.fits.gz,31000,27,14,16,7
LAMOST,spec-58131-HD105331N491352M02_sp09-215.fits.gz,26000,34,9,12,15
LAMOST,spec-57779-HD031226N474333B01_sp04-181.fits.gz,13000,34,11,12,11
LAMOST,spec-58456-KII090344N200347V01_sp01-240.fits.gz,14000,32,9,13,9
LAMOST,spec-57031-EG024121N042539V01_sp10-209.fits.gz,29000,31,11,14,5
LAMOST,spec-59231-GAC086N35M1_sp15-039.fits.gz,25000,36,10,14,13
LAMOST,spec-57454-HD150715N223351B02_sp13-172.fits.gz,18000,29,7,8,15
LAMOST,spec-56627-GAC101N22B2_sp13-057.fits.gz,33000,35,14,16,13
LAMOST,spec-57418-GAC115N15B2_sp06-083.fits.gz,39000,23,12,15,17
LAMOST,spec-57427-GAC069N36B1_sp02-158.fits.gz,20000,21,13,14,7
LAMOST,spec-58102-EG014125N052915B01_sp15-107.fits.gz,29000,31,11,15,7
LAMOST,spec-56361-GAC109N30B1_sp16-178.fits.gz,27000,23,7,12,7
LAMOST,spec-59167-KII050434N152414B01_sp10-129.fits.gz,32000,25,8,11,5
LAMOST,spec-58109-K2QSOB02_sp08-242.fits.gz,24000,38,12,15,9
LAMOST,spec-57325-EG214033N103644B01_sp11-035.fits.gz,38000,37,13,16,7
LAMOST,spec-58460-KII035310N171937B01_sp02-178.fits.gz,17000,20,11,13,13
LAMOST,spec-57068-GAC079N41M1_sp08-017.fits.gz,33000,31,12,13,9
LAMOST,spec-58432-GACII353N50M1_sp10-108.fits.gz,13000,21,11,14,9
LAMOST,spec-55949-GAC_063N29_M1_sp15-210.fits.gz,27000,40,12,13,13
LAMOST,spec-58017-GACII305N07B1_sp08-191.fits.gz,30000,35,13,16,5
LAMOST,spec-56568-EG023131N032619B01_sp09-016.fits.gz,30000,35,13,16,5
LAMOST,spec-58908-HD094225N484633B02_sp16-084.fits.gz,12000,32,9,10,7
LAMOST,spec-57871-HD132901N475049M02_sp13-139.fits.gz,35000,21,7,12,7
LAMOST,spec-57308-EG214339N073143M01_sp01-250.fits.gz,21000,21,9,11,7
LAMOST,spec-56310-GAC105N24B1_sp14-229.fits.gz,24000,28,9,10,5
LAMOST,spec-57311-EG014125N052915M01_sp16-066.fits.gz,14000,32,9,13,9
LAMOST,spec-56604-GAC106N20B1_sp02-052.fits.gz,21000,36,11,16,13
LAMOST,spec-58875-TD084656N120635K01_sp15-231.fits.gz,32000,40,15,16,11
LAMOST,spec-58899-TD104903N100928K01_sp06-113.fits.gz,38000,37,13,16,7
LAMOST,spec-57313-GAC053N42M1_sp10-047.fits.gz,33000,22,7,14,5
LAMOST,spec-56597-GAC069N36B1_sp04-194.fits.gz,31000,27,14,16,7
LAMOST,spec-57387-HD132759N524444V01_sp06-239.fits.gz,38000,37,13,16,7
LAMOST,spec-57393-M31025N38B2_sp06-250.fits.gz,36000,25,7,8,7
LAMOST,spec-56985-EG034015N073506M01_sp12-063.fits.gz,33000,37,15,16,13
LAMOST,spec-59203-EG021303N151647B01_sp11-020.fits.gz,32000,25,8,11,5
LAMOST,spec-55876-GAC_089N28_B2_sp10-010.fits.gz,31000,20,9,15,9
LAMOST,spec-57887-HD153145N202238B01_sp07-062.fits.gz,30000,22,7,8,5
LAMOST,spec-57397-GAC092N15M1_sp06-082.fits.gz,26000,28,7,11,13
LAMOST,spec-56659-M31023N28M1_sp07-095.fits.gz,26000,26,8,9,7
LAMOST,spec-57742-GAC081N15M1_sp12-046.fits.gz,29000,31,11,15,7
LAMOST,spec-55874-GAC_097N28_B1_sp01-097.fits.gz,40000,36,15,16,7
LAMOST,spec-56267-GAC065N31M1_sp14-069.fits.gz,35000,32,11,12,11
LAMOST,spec-58127-K2QSOB01_sp08-242.fits.gz,38000,37,13,16,7
LAMOST,spec-56978-EG001639N015102M01_sp03-059.fits.gz,39000,35,10,12,9
LAMOST,spec-57367-EG025805N204007M01_sp16-127.fits.gz,26000,34,9,12,15
LAMOST,spec-57696-GAC100N44M1_sp14-145.fits.gz,29000,37,11,14,11
LAMOST,spec-58879-HD091212N035201M02_sp01-189.fits.gz,31000,25,8,16,23
LAMOST,spec-57312-GAC081N20M1_sp07-018.fits.gz,33000,40,14,15,7
LAMOST,spec-58136-GAC105N57M1_sp13-222.fits.gz,19000,35,12,13,5
LAMOST,spec-58963-TD104903N100928K01_sp06-113.fits.gz,31000,25,8,16,23
LAMOST,spec-57015-M31007N33B1_sp16-096.fits.gz,34000,32,13,16,5
LAMOST,spec-57313-GAC053N42M1_sp15-021.fits.gz,22000,28,7,13,11
LAMOST,spec-57384-GAC052N20B1_sp09-010.fits.gz,30000,20,9,10,9
LAMOST,spec-56203-EG213945N020821V01_sp16-185.fits.gz,17000,20,11,13,13
LAMOST,spec-58868-GAC096N02M1_sp13-237.fits.gz,13000,34,12,16,11
LAMOST,spec-58040-GACII004N36M1_sp07-039.fits.gz,38000,37,13,16,7
LAMOST,spec-56326-HD090902N172810M01_sp15-047.fits.gz,39000,20,10,12,5
LAMOST,spec-58081-GAC113N27M1_sp07-138.fits.gz,35000,21,7,12,7
LAMOST,spec-57369-EG012903N071738M01_sp13-083.fits.gz,38000,37,13,16,7
LAMOST,spec-59113-KP190339N395439V04_sp13-103.fits.gz,13000,23,9,12,19
LAMOST,spec-58879-TD104903N100928K01_sp06-113.fits.gz,39000,27,7,8,9
LAMOST,spec-58397-EG014118N254444M01_sp05-087.fits.gz,38000,37,13,16,7
LAMOST,spec-56561-EG233013N050046B01_sp15-225.fits.gz,14000,26,6,12,9
LAMOST,spec-56304-GAC094N27M1_sp08-093.fits.gz,18000,29,7,12,15
LAMOST,spec-55918-GAC_082N29_M1_sp04-168.fits.gz,27000,40,12,13,13
LAMOST,spec-56310-GAC040N27B1_sp08-009.fits.gz,20000,39,14,15,5
LAMOST,spec-58154-HD082012S005433B01_sp10-250.fits.gz,27000,21,10,14,17
LAMOST,spec-56620-M31016N43B1_sp03-078.fits.gz,38000,37,13,16,7
LAMOST,spec-59283-HD063420S025420V02_sp03-245.fits.gz,39000,20,10,12,5
LAMOST,spec-57421-HD095348N144420M01_sp04-009.fits.gz,40000,22,11,14,5
LAMOST,spec-58937-TD084656N120635K01_sp15-231.fits.gz,39000,29,13,14,7
LAMOST,spec-57867-HD132545N565813M02_sp05-074.fits.gz,39000,27,7,8,9
LAMOST,spec-57012-HD091735N272519M01_sp15-206.fits.gz,21000,21,9,11,7
LAMOST,spec-56256-VB006N25V2_sp09-065.fits.gz,31000,27,14,16,7
LAMOST,spec-57297-HD014422N323057B01_sp10-066.fits.gz,38000,37,13,16,7
LAMOST,spec-55917-F5591705_sp04-116.fits.gz,34000,34,13,15,11
LAMOST,spec-55890-GAC_106N28_M1_sp02-059.fits.gz,29000,30,9,10,7
LAMOST,spec-58076-GAC118N12M1_sp07-021.fits.gz,29000,31,11,14,5
LAMOST,spec-58485-KII112935N034647B01_sp06-147.fits.gz,21000,20,10,11,13
LAMOST,spec-58040-GACII004N36B1_sp01-085.fits.gz,25000,24,11,16,7
LAMOST,spec-57313-GAC081N15M1_sp12-046.fits.gz,40000,20,10,12,5
LAMOST,spec-58988-HD162945N351206M01_sp02-070.fits.gz,13000,28,8,12,15
LAMOST,spec-56249-GAC079N24M1_sp13-094.fits.gz,33000,33,15,16,7
LAMOST,spec-57279-GAC052N20M1_sp14-066.fits.gz,30000,21,6,9,7
LAMOST,spec-57872-HD162301N323735M02_sp11-085.fits.gz,26000,20,11,13,7
LAMOST,spec-57474-GAC111N10B1_sp08-146.fits.gz,38000,25,9,16,5
LAMOST,spec-57696-EG024221N200041M01_sp04-181.fits.gz,39000,27,7,8,9
LAMOST,spec-56230-EG222106N010205V01_sp15-176.fits.gz,12000,22,10,14,13
LAMOST,spec-56404-HD114750N494922B01_sp06-020.fits.gz,34000,20,6,10,7
LAMOST,spec-56993-EG013501N290602B01_sp15-240.fits.gz,36000,25,9,10,13
LAMOST,spec-59192-TD084656N120635K01_sp15-231.fits.gz,21000,21,9,13,7
LAMOST,spec-57373-EG032843N042125M01_sp15-145.fits.gz,21000,25,11,14,7
LAMOST,spec-59165-KII050806N241554B02_sp03-112.fits.gz,22000,21,10,12,5
LAMOST,spec-57092-GAC115N41M1_sp12-006.fits.gz,38000,37,13,16,7
LAMOST,spec-56393-HD172143N395828M01_sp15-167.fits.gz,30000,21,6,9,7
LAMOST,spec-57307-GAC083N27M1_sp16-015.fits.gz,37000,33,12,15,7
LAMOST,spec-56965-GAC081N30B2_sp09-001.fits.gz,38000,37,13,16,7
LAMOST,spec-58099-HD082820N494114M02_sp16-151.fits.gz,28000,31,12,14,5
SDSS,spSpec-52669-0848-318.fit,28000,33,15,16,7
SDSS,spSpec-52176-0636-331.fit,27000,28,13,15,7
SDSS,spSpec-52203-0645-637.fit,19000,29,8,12,15
SDSS,spSpec-53437-0614-251.fit,35000,28,6,7,15
SDSS,spSpec-52025-0592-601.fit,13000,34,11,12,11
SDSS,spSpec-52791-1175-617.fit,33000,35,9,12,15
SDSS,spSpec-53613-2252-214.fit,38000,37,13,16,7
SDSS,spSpec-52233-0753-177.fit,25000,32,8,13,15
SDSS,spSpec-53386-1783-623.fit,36000,32,12,15,11
SDSS,spSpec-52872-1402-445.fit,38000,20,10,11,5
SDSS,spSpec-52178-0662-541.fit,27000,35,13,14,7
SDSS,spSpec-52353-0792-044.fit,40000,20,10,12,5
SDSS,spSpec-52468-1053-014.fit,31000,26,8,10,7
SDSS,spSpec-54138-2587-297.fit,18000,28,15,16,13
SDSS,spSpec-52721-1050-171.fit,14000,26,6,7,9
SDSS,spSpec-52342-0527-323.fit,40000,21,10,16,7
SDSS,spSpec-53177-1572-400.fit,13000,34,12,16,11
SDSS,spSpec-53533-1709-153.fit,23000,38,12,13,15
SDSS,spSpec-52410-0958-297.fit,36000,34,13,15,9
SDSS,spSpec-52379-0885-404.fit,30000,26,9,12,7
SDSS,spSpec-52238-0746-614.fit,36000,23,10,11,19
SDSS,spSpec-51820-0407-592.fit,28000,31,15,16,5
SDSS,spSpec-53875-2170-441.fit,38000,32,11,14,11
SDSS,spSpec-51692-0343-198.fit,27000,33,11,15,9
SDSS,spSpec-53401-2052-593.fit,21000,36,11,16,13
SDSS,spSpec-52976-1301-624.fit,38000,31,10,13,7
SDSS,spSpec-51877-0431-316.fit,34000,30,7,9,15
SDSS,spSpec-53878-2161-189.fit,13000,29,11,14,9
SDSS,spSpec-52670-1206-380.fit,30000,29,15,16,7
SDSS,spSpec-53385-1944-190.fit,25000,30,8,12,13
SDSS,spSpec-53741-2071-137.fit,13000,27,10,13,9
SDSS,spSpec-52442-0984-052.fit,24000,27,7,11,9
SDSS,spSpec-53315-1922-172.fit,25000,24,11,14,7
SDSS,spSpec-52201-0544-523.fit,34000,32,13,16,5
SDSS,spSpec-52147-0662-384.fit,13000,36,13,14,11
SDSS,spSpec-53857-1721-021.fit,29000,31,11,15,7
SDSS,spSpec-52823-1355-054.fit,39000,20,10,15,5
SDSS,spSpec-52079-0633-574.fit,31000,20,9,15,9
SDSS,spSpec-51695-0351-017.fit,23000,38,12,13,15
SDSS,spSpec-53446-1671-010.fit,14000,26,6,7,9
SDSS,spSpec-51941-0272-461.fit,30000,29,9,10,9
SDSS,spSpec-53535-2210-592.fit,30000,21,10,16,17
SDSS,spSpec-52976-1301-278.fit,35000,24,6,9,9
SDSS,spSpec-52965-1588-278.fit,29000,36,14,16,11
SDSS,spSpec-53080-1756-335.fit,33000,21,6,13,23
SDSS,spSpec-53350-2080-594.fit,35000,28,6,9,15
SDSS,spSpec-53442-1955-529.fit,25000,24,11,14,7
SDSS,spSpec-54169-2382-502.fit,24000,26,6,8,9
SDSS,spSpec-53709-2312-164.fit,17000,20,11,13,13
SDSS,spSpec-52636-0999-055.fit,37000,33,10,11,13
SDSS,spSpec-53827-2232-584.fit,17000,20,11,13,13
SDSS,spSpec-51924-0460-432.fit,27000,38,14,15,7
SDSS,spSpec-54481-2613-523.fit,18000,28,15,16,13
SDSS,spSpec-52885-1415-095.fit,36000,23,10,11,19
SDSS,spSpec-51989-0513-070.fit,16000,34,10,14,9
SDSS,spSpec-54612-2922-406.fit,14000,26,6,7,9
SDSS,spSpec-52762-1325-303.fit,31000,26,9,10,7
SDSS,spSpec-52410-0977-402.fit,40000,35,12,15,11
SDSS,spSpec-52024-0522-325.fit,34000,30,11,12,13
SDSS,spSpec-51900-0278-242.fit,17000,20,11,13,13
SDSS,spSpec-53389-1939-121.fit,24000,26,6,8,9
SDSS,spSpec-54465-2878-585.fit,25000,38,11,12,13
SDSS,spSpec-53349-1929-001.fit,11000,39,12,16,11
SDSS,spSpec-53173-1682-582.fit,29000,21,6,8,5
SDSS,spSpec-51693-0344-315.fit,14000,28,7,10,9
SDSS,spSpec-52319-0776-381.fit,23000,21,9,11,7
SDSS,spSpec-52261-0690-568.fit,37000,29,6,10,15
SDSS,spSpec-53852-1722-141.fit,11000,40,12,16,11
SDSS,spSpec-53055-1737-253.fit,14000,28,7,13,9
SDSS,spSpec-52933-1493-204.fit,21000,23,10,13,7
SDSS,spSpec-52994-1358-077.fit,39000,30,9,12,7
SDSS,spSpec-52520-1058-433.fit,29000,24,6,9,7
SDSS,spSpec-54177-2594-026.fit,30000,35,13,16,5
SDSS,spSpec-53886-1823-411.fit,21000,27,13,15,5
SDSS,spSpec-52733-1196-026.fit,34000,29,13,14,7
SDSS,spSpec-53847-1775-428.fit,35000,31,12,13,9
SDSS,spSpec-54589-2970-466.fit,35000,35,12,16,11
SDSS,spSpec-54562-1834-417.fit,29000,31,11,15,7
SDSS,spSpec-54139-2582-185.fit,14000,34,11,13,11
SDSS,spSpec-52286-0571-471.fit,16000,34,10,14,9
SDSS,spSpec-52707-1039-069.fit,37000,23,12,14,15
SDSS,spSpec-53240-1918-347.fit,31000,21,7,11,13
SDSS,spSpec-53858-1776-576.fit,25000,38,11,12,13
SDSS,spSpec-54572-2531-446.fit,40000,20,10,14,5
SDSS,spSpec-51818-0358-318.fit,17000,20,11,13,13
SDSS,spSpec-53820-2155-163.fit,34000,31,15,16,17
SDSS,spSpec-52203-0716-299.fit,27000,21,10,14,17
SDSS,spSpec-51909-0462-142.fit,13000,34,11,12,11
SDSS,spSpec-52145-0635-539.fit,18000,37,11,13,9
SDSS,spSpec-54154-2701-411.fit,18000,29,7,12,15
SDSS,spSpec-54477-2611-376.fit,30000,33,11,12,13
SDSS,spSpec-53117-1451-176.fit,38000,37,13,16,7
SDSS,spSpec-53472-2105-179.fit,22000,23,11,16,5
SDSS,spSpec-52201-0674-427.fit,35000,22,7,11,7
SDSS,spSpec-52708-1187-099.fit,38000,37,13,16,7
SDSS,spSpec-54567-2517-581.fit,37000,23,12,14,15
SDSS,spSpec-53730-2334-600.fit,24000,27,7,9,9
SDSS,spSpec-53875-2170-276.fit,35000,21,7,12,7
SDSS,spSpec-53763-2397-274.fit,27000,23,7,12,7
SDSS,spSpec-52368-0607-448.fit,23000,39,11,13,13
SDSS,spSpec-53768-2372-473.fit,18000,21,8,10,21
SDSS,spSpec-53269-1916-424.fit,27000,31,15,16,5
SDSS,spSpec-53712-2301-544.fit,13000,34,12,16,11
SDSS,spSpec-52974-1271-088.fit,21000,37,13,16,5
SDSS,spSpec-51882-0442-494.fit,35000,21,7,12,7
SDSS,spSpec-51955-0472-302.fit,22000,23,11,16,5
SDSS,spSpec-52320-0777-574.fit,31000,25,8,16,23
SDSS,spSpec-54093-2578-620.fit,38000,37,13,16,7
SDSS,spSpec-52346-0876-104.fit,35000,22,7,11,7
SDSS,spSpec-51871-0403-423.fit,34000,21,6,13,7
SDSS,spSpec-53350-2080-202.fit,22000,30,8,10,13
SDSS,spSpec-53729-2070-320.fit,38000,20,10,16,5
SDSS,spSpec-51973-0496-409.fit,17000,20,11,13,13
SDSS,spSpec-51924-0483-348.fit,19000,27,8,9,5
SDSS,spSpec-52941-1583-595.fit,13000,28,6,7,9
SDSS,spSpec-51877-0430-430.fit,30000,31,11,16,11
SDSS,spSpec-53881-2530-327.fit,35000,21,7,12,7
SDSS,spSpec-54498-2886-479.fit,24000,26,6,8,9
SDSS,spSpec-52374-0884-139.fit,32000,33,13,16,13
SDSS,spSpec-52000-0364-610.fit,24000,27,8,9,7
SDSS,spSpec-52674-1164-021.fit,38000,31,10,13,7
SDSS,spSpec-52207-0727-324.fit,27000,32,8,12,15
SDSS,spSpec-54495-2647-200.fit,31000,23,7,11,7
SDSS,spSpec-52056-0619-437.fit,35000,30,7,9,15
SDSS,spSpec-52221-0732-589.fit,34000,32,13,16,5
SDSS,spSpec-54085-2581-332.fit,27000,38,14,15,7
SDSS,spSpec-52378-0844-423.fit,39000,20,6,7,9
SDSS,spSpec-52317-0828-049.fit,31000,33,11,16,9
SDSS,spSpec-54082-2443-170.fit,21000,31,9,14,7
SDSS,spSpec-53172-1567-578.fit,38000,37,13,16,7
SDSS,spSpec-53852-1722-210.fit,17000,20,11,13,13
SDSS,spSpec-51693-0346-263.fit,34000,29,13,14,7
SDSS,spSpec-51902-0483-332.fit,26000,40,12,15,13
SDSS,spSpec-51997-0367-564.fit,17000,20,11,13,13
SDSS,spSpec-53826-2359-497.fit,26000,37,13,15,7
SDSS,spSpec-51694-0352-026.fit,31000,26,8,10,7
SDSS,spSpec-52999-1468-163.fit,19000,37,13,14,5
SDSS,spSpec-52724-1195-403.fit,19000,37,13,16,5
SDSS,spSpec-51873-0443-360.fit,29000,27,11,12,11
SDSS,spSpec-51924-0459-222.fit,28000,32,15,16,7
SDSS,spSpec-52225-0565-359.fit,40000,31,10,13,13
SDSS,spSpec-52312-0832-185.fit,40000,22,11,15,5
SDSS,spSpec-53240-1889-524.fit,22000,27,12,16,7
SDSS,spSpec-51690-0306-020.fit,35000,22,7,11,7
SDSS,spSpec-54368-2679-299.fit,25000,38,11,16,13
SDSS,spSpec-52618-1059-407.fit,29000,26,8,12,7
SDSS,spSpec-53883-1717-260.fit,31000,20,9,15,9
SDSS,spSpec-53494-1837-283.fit,29000,23,7,9,5
SDSS,spSpec-53793-2205-247.fit,23000,27,6,7,9
SDSS,spSpec-52373-0781-093.fit,24000,36,10,13,13
SDSS,spSpec-52669-0876-103.fit,36000,35,9,11,15
SDSS,spSpec-51957-0502-444.fit,31000,31,10,14,9
SDSS,spSpec-53687-2285-030.fit,22000,25,11,15,7
SDSS,spSpec-54537-2959-046.fit,13000,34,12,16,11
SDSS,spSpec-53793-2357-486.fit,22000,28,7,13,11
SDSS,spSpec-53763-2384-007.fit,27000,29,13,15,7
SDSS,spSpec-52426-0973-097.fit,19000,25,7,9,5
SDSS,spSpec-53700-2285-030.fit,14000,26,7,16,15
SDSS,spSpec-54585-2533-156.fit,34000,32,13,16,5
SDSS,spSpec-52409-0919-620.fit,37000,23,12,14,15
SDSS,spSpec-52238-0764-589.fit,17000,20,7,15,21
SDSS,spSpec-51994-0533-086.fit,17000,26,14,15,13
SDSS,spSpec-52381-0904-147.fit,30000,35,13,16,5
SDSS,spSpec-52762-1237-510.fit,32000,38,11,14,7
SDSS,spSpec-53875-2200-292.fit,26000,23,11,16,5
SDSS,spSpec-53088-1324-230.fit,14000,28,7,13,9
SDSS,spSpec-54507-1795-005.fit,31000,30,9,13,9
SDSS,spSpec-52825-1395-045.fit,27000,23,7,12,7
SDSS,spSpec-52144-0627-479.fit,35000,21,7,12,7
SDSS,spSpec-53386-1755-526.fit,22000,36,12,13,7
SDSS,spSpec-52883-1496-493.fit,36000,29,14,15,5
SDSS,spSpec-54085-2575-318.fit,32000,20,6,9,19
SDSS,spSpec-53730-2334-500.fit,21000,27,12,16,7
SDSS,spSpec-52027-0537-454.fit,35000,31,12,16,9
SDSS,spSpec-52518-0687-109.fit,17000,20,11,13,13
SDSS,spSpec-52316-0834-431.fit,16000,26,11,13,17
SDSS,spSpec-52145-0635-387.fit,33000,40,14,15,7
SDSS,spSpec-53431-1947-400.fit,33000,37,15,16,13
SDSS,spSpec-52824-1335-531.fit,31000,23,7,11,7
SDSS,spSpec-52759-1172-212.fit,38000,22,7,14,7
SDSS,spSpec-53145-1580-583.fit,22000,21,6,10,21
SDSS,spSpec-53358-1750-015.fit,31000,37,10,11,13
SDSS,spSpec-53823-2240-092.fit,25000,38,11,16,13
SDSS,spSpec-52989-1272-188.fit,35000,26,9,10,7
SDSS,spSpec-53682-2264-416.fit,38000,31,10,13,7
SDSS,spSpec-52674-1191-055.fit,13000,34,13,16,9
SDSS,spSpec-53467-2110-480.fit,33000,21,6,16,19
SDSS,spSpec-53228-1728-551.fit,35000,32,11,12,11
SDSS,spSpec-52674-1191-007.fit,35000,21,7,12,7
SDSS,spSpec-51813-0357-051.fit,31000,25,8,16,23
SDSS,spSpec-52674-1201-075.fit,36000,29,6,10,15
SDSS,spSpec-54084-2406-343.fit,33000,21,6,13,23
SDSS,spSpec-52374-0853-498.fit,38000,37,13,16,7
SDSS,spSpec-53327-1869-188.fit,38000,37,13,16,7
SDSS,spSpec-52990-1429-359.fit,30000,35,13,16,5
SDSS,spSpec-52145-0377-540.fit,30000,29,9,10,9
SDSS,spSpec-52319-0786-269.fit,24000,26,6,8,9
SDSS,spSpec-52253-0557-412.fit,18000,37,11,13,9
SDSS,spSpec-51877-0439-582.fit,22000,28,7,13,11
SDSS,spSpec-53711-2269-258.fit,29000,31,11,15,7
SDSS,spSpec-53144-1401-443.fit,32000,25,8,11,5
SDSS,spSpec-54452-1874-379.fit,36000,21,11,16,15
SDSS,spSpec-53436-2035-419.fit,13000,34,13,16,9
SDSS,spSpec-53875-2170-588.fit,27000,23,10,16,15
SDSS,spSpec-52294-0831-435.fit,33000,21,7,9,5
SDSS,spSpec-54623-2262-418.fit,17000,36,9,10,7
SDSS,spSpec-51988-0496-403.fit,21000,20,10,11,13
SDSS,spSpec-53826-2434-400.fit,34000,32,13,16,5
SDSS,spSpec-51997-0367-053.fit,38000,28,13,14,19
SDSS,spSpec-52000-0335-085.fit,21000,32,9,10,7
SDSS,spSpec-54544-2459-521.fit,36000,28,6,10,15
SDSS,spSpec-53376-2069-158.fit,22000,35,12,14,7
SDSS,spSpec-51789-0352-033.fit,29000,31,11,15,7
SDSS,spSpec-52412-0968-058.fit,37000,23,12,14,15
SDSS,spSpec-52824-1409-339.fit,33000,35,9,11,15
SDSS,spSpec-51690-0345-138.fit,20000,32,10,13,5
SDSS,spSpec-53119-1397-394.fit,26000,38,14,16,7
SDSS,spSpec-54498-2858-239.fit,32000,25,8,11,5
SDSS,spSpec-53321-1913-544.fit,35000,28,6,7,15
SDSS,spSpec-54234-2663-583.fit,39000,27,7,8,9
SDSS,spSpec-53169-1568-508.fit,38000,22,7,14,7
SDSS,spSpec-54465-1787-052.fit,38000,35,14,16,11
SDSS,spSpec-54176-2467-061.fit,40000,30,11,13,7
SDSS,spSpec-53084-1758-213.fit,36000,29,6,9,15
SDSS,spSpec-52652-1011-345.fit,28000,31,12,14,5
SDSS,spSpec-52318-0861-352.fit,30000,35,13,16,5
SDSS,spSpec-54561-2874-603.fit,24000,27,8,9,7
SDSS,spSpec-52672-1202-030.fit,38000,32,13,15,5
SDSS,spSpec-52990-1592-593.fit,31000,26,8,10,7
SDSS,spSpec-53713-2334-581.fit,13000,30,12,16,7
SDSS,spSpec-53358-2082-344.fit,29000,31,11,15,7
SDSS,spSpec-52294-0831-410.fit,40000,31,14,16,7
SDSS,spSpec-51885-0434-430.fit,29000,31,11,15,7
SDSS,spSpec-52943-1584-042.fit,16000,34,10,14,9
SDSS,spSpec-54096-2623-199.fit,39000,27,7,8,9
SDSS,spSpec-54477-2611-042.fit,29000,31,11,15,7
SDSS,spSpec-52059-0597-447.fit,19000,29,8,12,15
SDSS,spSpec-52614-0944-397.fit,19000,31,10,12,13
SDSS,spSpec-52641-0901-235.fit,14000,33,9,10,9
SDSS,spSpec-51988-0495-148.fit,35000,30,11,12,15
SDSS,spSpec-53084-1380-360.fit,39000,27,7,8,9
SDSS,spSpec-52412-0968-280.fit,34000,32,9,12,9
SDSS,spSpec-54592-2951-065.fit,24000,26,6,8,9
SDSS,spSpec-53735-2343-493.fit,33000,40,14,15,7
SDSS,spSpec-51694-0338-382.fit,31000,25,8,16,23
SDSS,spSpec-52965-1588-294.fit,22000,21,10,12,5
SDSS,spSpec-51929-0473-098.fit,37000,21,8,11,11
SDSS,spSpec-52427-0949-358.fit,24000,26,6,8,9
SDSS,spSpec-53705-2287-535.fit,14000,34,11,13,11
SDSS,spSpec-52426-0847-046.fit,39000,25,9,10,15
SDSS,spSpec-51795-0389-112.fit,17000,20,11,13,13
SDSS,spSpec-54453-2857-085.fit,21000,21,13,15,11
SDSS,spSpec-51989-0513-562.fit,38000,35,9,12,15
SDSS,spSpec-54271-2793-450.fit,26000,37,13,15,7
SDSS,spSpec-53794-2418-278.fit,32000,25,8,11,5
SDSS,spSpec-54478-1879-608.fit,39000,25,9,10,15
SDSS,spSpec-52282-0518-285.fit,21000,36,11,16,13
SDSS,spSpec-52178-0662-384.fit,29000,40,15,16,11
SDSS,spSpec-52523-0987-026.fit,28000,31,7,8,15
SDSS,spSpec-52995-1274-505.fit,34000,32,13,16,5
SDSS,spSpec-52145-0635-127.fit,13000,31,13,15,7
SDSS,spSpec-53386-1970-541.fit,29000,32,10,13,7
SDSS,spSpec-52224-0734-030.fit,38000,20,10,16,5
SDSS,spSpec-53772-2351-234.fit,38000,37,13,16,7
SDSS,spSpec-52238-0566-380.fit,14000,34,11,13,11
SDSS,spSpec-52649-1192-343.fit,14000,23,7,10,11
SDSS,spSpec-52143-0376-631.fit,31000,24,8,16,5
SDSS,spSpec-54582-2526-098.fit,40000,32,15,16,7
SDSS,spSpec-52466-0982-477.fit,21000,31,10,14,5
SDSS,spSpec-52221-0736-178.fit,23000,27,6,7,9
SDSS,spSpec-54479-2603-474.fit,31000,27,14,16,7
SDSS,spSpec-53388-1937-416.fit,39000,27,7,8,9
SDSS,spSpec-52724-1234-304.fit,38000,37,13,16,7
SDSS,spSpec-53699-2288-635.fit,27000,29,13,15,7
SDSS,spSpec-52520-0728-171.fit,32000,29,8,10,9
SDSS,spSpec-51696-0348-103.fit,40000,24,12,15,5
SDSS,spSpec-51988-0495-238.fit,29000,24,6,9,7
SDSS,spSpec-53090-1780-431.fit,38000,37,13,16,7
SDSS,spSpec-54505-2945-144.fit,27000,23,7,12,7
SDSS,spSpec-53261-1909-601.fit,32000,35,9,11,15
SDSS,spSpec-53770-2375-636.fit,40000,31,14,16,7
SDSS,spSpec-52522-1057-203.fit,18000,34,14,15,9
SDSS,spSpec-52670-1205-188.fit,35000,22,7,11,7
SDSS,spSpec-54393-2821-189.fit,40000,29,12,15,11
SDSS,spSpec-53314-1920-305.fit,21000,21,9,11,7
SDSS,spSpec-53764-2404-414.fit,30000,21,8,12,11
SDSS,spSpec-51973-0496-083.fit,26000,21,10,11,5
SDSS,spSpec-53430-2072-060.fit,34000,21,10,13,17
SDSS,spSpec-53612-1915-032.fit,33000,35,9,12,15
SDSS,spSpec-54626-2934-354.fit,27000,31,9,14,11
SDSS,spSpec-52247-0766-517.fit,21000,37,13,16,5
SDSS,spSpec-53172-1567-495.fit,22000,25,11,16,7
SDSS,spSpec-53682-2264-352.fit,29000,26,7,11,7
SDSS,spSpec-53741-2366-072.fit,38000,37,13,16,7
SDSS,spSpec-53062-1605-369.fit,39000,23,6,8,9
SDSS,spSpec-52312-0526-102.fit,26000,21,10,11,5
SDSS,spSpec-53799-2222-010.fit,29000,31,11,14,5
SDSS,spSpec-53709-2302-157.fit,27000,31,9,10,11
SDSS,spSpec-52413-0976-623.fit,38000,37,13,16,7
SDSS,spSpec-51637-0306-004.fit,36000,22,11,13,5
SDSS,spSpec-53557-2171-007.fit,26000,21,10,11,5
SDSS,spSpec-52939-1582-302.fit,21000,27,13,15,5
SDSS,spSpec-51877-0439-624.fit,22000,21,9,13,7
SDSS,spSpec-52017-0543-065.fit,13000,31,13,15,7
SDSS,spSpec-53171-1648-408.fit,35000,21,7,12,7
SDSS,spSpec-53556-1799-552.fit,34000,22,11,14,5
SDSS,spSpec-54178-2500-565.fit,21000,25,7,8,5
SDSS,spSpec-54176-2402-409.fit,16000,34,12,13,9
SDSS,spSpec-53846-1849-074.fit,19000,39,14,15,5
SDSS,spSpec-51910-0465-226.fit,28000,30,10,13,7
SDSS,spSpec-54328-2623-193.fit,29000,34,12,15,5
SDSS,spSpec-51955-0492-454.fit,31000,26,8,10,7
SDSS,spSpec-54584-2925-302.fit,38000,25,9,16,5
SDSS,spSpec-53857-1721-209.fit,13000,31,13,15,7
SDSS,spSpec-54509-2757-112.fit,38000,35,9,12,15
SDSS,spSpec-53462-1688-232.fit,34000,32,13,16,5
SDSS,spSpec-51663-0307-631.fit,16000,39,14,16,5
SDSS,spSpec-53240-1661-059.fit,40000,22,11,14,5
SDSS,spSpec-51942-0483-352.fit,35000,35,12,16,11
SDSS,spSpec-52253-0758-570.fit,37000,23,12,14,15
SDSS,spSpec-52426-0973-144.fit,13000,21,11,14,9
SDSS,spSpec-52786-1328-618.fit,39000,20,10,15,5
SDSS,spSpec-52762-1283-591.fit,32000,29,10,11,5
SDSS,spSpec-53141-1417-508.fit,34000,21,10,13,17
SDSS,spSpec-52644-0971-303.fit,17000,20,11,13,13
SDSS,spSpec-53710-2307-140.fit,34000,30,7,8,15
SDSS,spSpec-52232-0754-034.fit,36000,30,7,9,15
SDSS,spSpec-53054-1436-057.fit,36000,35,9,11,15
SDSS,spSpec-52258-0725-306.fit,19000,25,7,9,5
SDSS,spSpec-52443-0814-280.fit,25000,24,11,16,7
SDSS,spSpec-53612-1915-423.fit,25000,36,11,12,9
SDSS,spSpec-52976-1301-587.fit,21000,31,8,13,9
SDSS,spSpec-53494-2136-541.fit,38000,31,10,13,7
SDSS,spSpec-53360-2084-172.fit,40000,36,15,16,7
SDSS,spSpec-53063-1366-231.fit,36000,31,12,14,13
SDSS,spSpec-51883-0444-619.fit,29000,34,9,12,15
SDSS,spSpec-52519-0735-170.fit,24000,33,9,10,9
SDSS,spSpec-54626-2934-544.fit,28000,33,8,9,15
SDSS,spSpec-53442-2076-501.fit,38000,22,11,12,5
SDSS,spSpec-53467-2103-028.fit,24000,38,12,15,9
SDSS,spSpec-53826-2359-105.fit,14000,26,6,11,9
SDSS,spSpec-52760-1239-621.fit,23000,27,6,7,9
SDSS,spSpec-53828-2435-075.fit,29000,20,9,11,9
SDSS,spSpec-53764-2399-405.fit,22000,28,7,13,11
SDSS,spSpec-52056-0610-349.fit,33000,22,7,14,5
SDSS,spSpec-52201-0674-524.fit,27000,21,10,14,17
SDSS,spSpec-53317-1926-544.fit,25000,20,6,11,13
SDSS,spSpec-53463-1981-066.fit,18000,38,10,11,13
SDSS,spSpec-52282-0770-358.fit,38000,21,10,11,7
SDSS,spSpec-52439-0849-419.fit,39000,27,7,8,9
SDSS,spSpec-51873-0445-089.fit,19000,32,13,16,9
SDSS,spSpec-53682-2268-069.fit,31000,26,8,10,7
SDSS,spSpec-52266-0570-512.fit,33000,40,14,15,7
SDSS,spSpec-53466-2034-215.fit,36000,26,9,11,7
SDSS,spSpec-51780-0351-003.fit,36000,34,13,15,9
SDSS,spSpec-51988-0496-083.fit,36000,22,8,15,11
SDSS,spSpec-52411-0975-400.fit,27000,32,8,9,15
SDSS,spSpec-53358-1931-487.fit,25000,31,7,8,15
SDSS,spSpec-52147-0662-552.fit,25000,32,8,13,15
SDSS,spSpec-53828-2237-560.fit,25000,24,11,14,7
SDSS,spSpec-52703-1199-286.fit,14000,32,9,13,9
SDSS,spSpec-54389-2697-028.fit,30000,27,9,15,23
SDSS,spSpec-53061-1364-115.fit,17000,20,11,13,13
SDSS,spSpec-53137-1620-290.fit,27000,22,10,15,7
SDSS,spSpec-53881-2530-068.fit,39000,22,11,15,5
SDSS,spSpec-54210-2644-431.fit,27000,28,13,15,7
SDSS,spSpec-52072-0602-264.fit,36000,32,12,15,11
SDSS,spSpec-52224-0564-197.fit,25000,38,11,12,13
SDSS,spSpec-54478-1879-289.fit,26000,37,11,13,13
SDSS,spSpec-51993-0542-329.fit,17000,33,10,16,5
SDSS,spSpec-51813-0357-579.fit,17000,20,11,13,13
SDSS,spSpec-52281-0768-013.fit,15000,32,9,11,9
SDSS,spSpec-52516-1054-142.fit,19000,32,13,16,9
SDSS,spSpec-52522-1057-613.fit,31000,37,10,11,13
SDSS,spSpec-53789-2212-201.fit,23000,27,6,7,9
SDSS,spSpec-53826-2359-051.fit,13000,28,9,15,11
SDSS,spSpec-54450-1786-573.fit,13000,34,12,16,11
SDSS,spSpec-52649-1192-543.fit,38000,37,13,16,7
SDSS,spSpec-52401-0796-388.fit,27000,28,7,8,13
SDSS,spSpec-53565-2252-239.fit,32000,25,8,11,5
SDSS,spSpec-54326-2800-437.fit,30000,27,9,15,23
SDSS,spSpec-51792-0380-575.fit,21000,37,13,16,5
SDSS,spSpec-52404-0918-301.fit,33000,40,14,15,7
SDSS,spSpec-52531-1085-175.fit,22000,28,6,9,15
SDSS,spSpec-52176-0636-599.fit,28000,33,15,16,7
SDSS,spSpec-51663-0307-090.fit,17000,20,11,13,13
SDSS,spSpec-52521-0738-509.fit,22000,28,6,8,15
SDSS,spSpec-53386-2068-609.fit,22000,31,9,12,7
SDSS,spSpec-52325-0862-333.fit,22000,26,7,10,15
SDSS,spSpec-54339-2459-533.fit,15000,21,7,15,21
SDSS,spSpec-54231-2654-023.fit,23000,27,6,7,9
SDSS,spSpec-53534-1852-153.fit,29000,31,11,14,5
SDSS,spSpec-52442-0984-533.fit,34000,32,13,16,5
SDSS,spSpec-53886-1823-092.fit,35000,22,8,15,11
SDSS,spSpec-53792-2213-542.fit,32000,35,9,11,15
SDSS,spSpec-53089-1369-479.fit,35000,28,6,7,15
SDSS,spSpec-52468-0729-363.fit,22000,27,12,16,7
SDSS,spSpec-51965-0475-066.fit,15000,37,13,14,9
SDSS,spSpec-51660-0291-314.fit,24000,26,6,8,9
SDSS,spSpec-53089-1779-180.fit,39000,20,10,15,5
SDSS,spSpec-54498-2886-504.fit,30000,35,13,16,5
SDSS,spSpec-51671-0348-103.fit,13000,31,13,15,7
SDSS,spSpec-52703-1165-372.fit,21000,36,11,16,13
SDSS,spSpec-52370-0814-274.fit,26000,30,8,12,13
SDSS,spSpec-54525-2956-373.fit,40000,23,7,13,15
SDSS,spSpec-53498-1654-542.fit,27000,37,11,13,13
SDSS,spSpec-51959-0283-502.fit,21000,20,10,11,13
